<application>
  <component name="ProjectManager">
    <defaultProject>
      <component name="Kotlin2JsCompilerArguments">
        <option name="sourceMapEmbedSources" value="inlining" />
      </component>
      <component name="ProjectDictionaryState">
        <dictionary name="Flyingkite" />
      </component>
      <component name="ProjectInspectionProfilesVisibleTreeState">
        <entry key="Project Default">
          <profile-state>
            <expanded-state>
              <State>
                <id />
              </State>
              <State>
                <id>Abstraction issuesJava</id>
              </State>
              <State>
                <id>Android &gt; Lint &gt; Correctness</id>
              </State>
              <State>
                <id>Android &gt; Lint &gt; Correctness &gt; Messages</id>
              </State>
              <State>
                <id>Android &gt; Lint &gt; Usability</id>
              </State>
              <State>
                <id>Android Lint for Kotlin</id>
              </State>
              <State>
                <id>Code style issuesJava</id>
              </State>
              <State>
                <id>Groovy</id>
              </State>
              <State>
                <id>ImportsJava</id>
              </State>
              <State>
                <id>Inheritance issuesJava</id>
              </State>
              <State>
                <id>Java</id>
              </State>
              <State>
                <id>JavaFX</id>
              </State>
              <State>
                <id>Kotlin</id>
              </State>
              <State>
                <id>Logging issuesJava</id>
              </State>
              <State>
                <id>Potentially confusing code constructsGroovy</id>
              </State>
              <State>
                <id>Redundant constructsKotlin</id>
              </State>
            </expanded-state>
            <selected-state>
              <State>
                <id>Android</id>
              </State>
            </selected-state>
          </profile-state>
        </entry>
      </component>
      <component name="ProjectLevelVcsManager" settingsEditedManually="true" />
      <component name="PropertiesComponent">
        <property name="settings.editor.selected.configurable" value="reference.settings.ide.settings.web.browsers" />
      </component>
      <component name="SvnConfiguration">
        <configuration>C:\Users\Flyingkite\AppData\Roaming\Subversion</configuration>
      </component>
      <component name="VcsContentAnnotationSettings">
        <option name="myLimit" value="2678400000" />
      </component>
      <component name="VcsManagerConfiguration">
        <option name="MAXIMUM_HISTORY_ROWS" value="5000" />
      </component>
      <component name="masterDetails">
        <states>
          <state key="Copyright.UI">
            <settings>
              <splitter-proportions>
                <option name="proportions">
                  <list>
                    <option value="0.2" />
                  </list>
                </option>
              </splitter-proportions>
            </settings>
          </state>
          <state key="ScopeChooserConfigurable.UI">
            <settings>
              <splitter-proportions>
                <option name="proportions">
                  <list>
                    <option value="0.2" />
                  </list>
                </option>
              </splitter-proportions>
            </settings>
          </state>
        </states>
      </component>
    </defaultProject>
  </component>
</application>