<application>
  <component name="UISettings">
    <option name="COLOR_BLINDNESS" value="deuteranopia" />
    <option name="CONSOLE_COMMAND_HISTORY_LIMIT" value="1000" />
    <option name="CONSOLE_CYCLE_BUFFER_SIZE_KB" value="102400" />
    <option name="EDITOR_TAB_LIMIT" value="100" />
    <option name="EDITOR_TAB_PLACEMENT" value="4" />
    <option name="OVERRIDE_CONSOLE_CYCLE_BUFFER_SIZE" value="true" />
    <option name="OVERRIDE_NONIDEA_LAF_FONTS" value="true" />
    <option name="SHOW_MAIN_TOOLBAR" value="true" />
    <option name="SHOW_MEMORY_INDICATOR" value="true" />
  </component>
</application>